gamma,nom,rob,sat,grob,reg,oracle,guarantee_garo,guarantee_sat
0.0,-4.164787403837522e-10,0.06057474638458371,0.0071655464993278795,0.04582866168517408,0.0038863516557728905,0.9893598409493577,0.045828661816361964,0.03957439325643841
0.010483828804042496,0.00010990753960427035,0.056059716405194804,0.005575155433073853,0.04173327745984312,0.005127225859739903,1.0059818900597572,0.045828661816361964,0.026321734852972106
0.020967657608084993,0.00043964129808005126,0.051764507622054534,0.004204589333716591,0.0378577184260358,0.006587927171016306,1.022384114358699,0.045828661816361964,0.013288901260963678
0.031451486412127486,0.0008906785168314446,0.04949226409025176,0.0035051754583539374,0.03560270082355732,0.008250498102034598,1.0324234033393755,0.045828661816361964,0.0066190029872202905
0.041935315216169985,0.0015031618379206524,0.048508306026806114,0.0032930229703689307,0.03439751105771882,0.010122257574896265,1.0386027310531472,0.045828661816361964,0.0038090659803819253
0.05241914402021248,0.00204995288510168,0.04474765939635206,0.002385764031354043,0.031227163422594684,0.0112489643736704,1.0433954236259624,0.045828661816361964,0.0023857641144999393
0.06290297282425497,0.0027457900280372094,0.04046402886325717,0.0014715244179825948,0.027735003232002953,0.012356310998250963,1.0476790539272467,0.045828661816361964,0.0014715245201488703
0.07338680162829747,0.003661448146564883,0.03640021971038232,0.0007771045349576067,0.024462663741822377,0.013683479082395644,1.0517428631262227,0.045828661816361964,0.0007771060281061386
0.08387063043233997,0.004796927667282569,0.03255623208611458,0.00030250759700067853,0.021410145757051025,0.015230468152287902,1.0555868508897615,0.045828661816361964,0.00030250897150060213
0.09435445923638247,0.006152229080843119,0.028932066193223305,4.7733669975791315e-5,0.018577449496564702,0.016997278897608492,1.0592110168098452,0.045828661816361964,4.7733758350102656e-5
0.10483828804042496,0.007727351238102198,0.025527722219274906,1.2779334740420367e-5,0.015964574291729594,0.018983910583102448,1.0626153618334768,0.045828661816361964,1.2779441651712686e-5
0.11532211684446746,0.00952229471577759,0.02234320393021272,0.00019764633183472213,0.013571520397886117,0.0211903633637176,1.0657998855461435,0.045828661816361964,0.00019764643591831804
0.12580594564850994,0.011537059915307735,0.019378496173259707,0.0006023332619831123,0.011398288228497089,0.023616638128915124,1.0687645875414715,0.045828661816361964,0.0006023351475235028
0.13628977445255244,0.013771646723462982,0.01663361861590973,0.0012268439159890399,0.009444877622882153,0.026262734573157642,1.0715094679364867,0.045828661816361964,0.0012268454594415515
0.14677360325659494,0.0162260534874461,0.01410855597108096,0.0020711740944767687,0.007711287147764034,0.02912865086547467,1.074034528368,0.045828661816361964,0.002071175734861562
0.15725743206063744,0.01890028274171307,0.011803319868131101,0.0031353263431186384,0.0061975193683780905,0.032214389745661265,1.0763397662988465,0.045828661816361964,0.003135328510948221
0.16774126086467994,0.021794333540608113,0.009717906522564768,0.004419300820354355,0.004903572474770801,0.035519950126024824,1.0784251826827145,0.045828661816361964,0.004419302834013525
0.17822508966872244,0.024908204574398685,0.007852305364338452,0.00592309536321034,0.0038294459523271485,0.039045330741656725,1.080290778835035,0.045828661816361964,0.00592309738862614
0.18870891847276494,0.028241897436658725,0.0062065318758461885,0.007646711684147878,0.002975141567984174,0.042790533035875544,1.081936553160676,0.045828661816361964,0.007646713769918552
0.19919274727680744,0.03179541151643983,0.00478057981840041,0.009590149118284153,0.0023406586624739045,0.046755556548297106,1.0833625062734322,0.045828661816361964,0.009590151364095509
0.2096765760808499,0.03556874651753272,0.003574448749585235,0.011753409782548463,0.001925996688125986,0.05094040107266129,1.0845686384621767,0.045828661816361964,0.011753409882284307
0.2201604048848924,0.03956190371487733,0.00258813996051499,0.014136490487131281,0.0017311558271557725,0.055345068031761535,1.0855549484476008,0.045828661816361964,0.014136490603793406
0.2306442336889349,0.043748569157608275,0.0017953394337331119,0.016713079464935277,0.001729823638928485,0.05994324334832202,1.0863477501831624,0.045828661816361964,0.016713079575165032
0.2411280624929774,0.04808050634411187,0.0011478042422845558,0.019434940173634896,0.0018737634649352852,0.06468668991089577,1.086995280171998,0.045828661816361964,0.01943494029326273
0.2516118912970199,0.05255667480253012,0.000644507754873791,0.022301029703685193,0.0021619345518000266,0.06957436767642,1.0874985788987113,0.045828661816361964,0.02230103227348268
0.2620957201010624,0.05717707670246064,0.00028544051681045346,0.02531135581071764,0.0025943390691105517,0.07460627898442196,1.0878576441951953,0.045828661816361964,0.02531135768393193
0.2725795489051049,0.06194171234594692,7.060898626476408e-5,0.028465915330270875,0.003170977313167622,0.079782424231577,1.0880724757533364,0.045828661816361964,0.028465916832723995
0.2830633777091474,0.06685056823228086,-2.4154904743056704e-9,0.031764694829176765,0.003891835840833302,0.08510278975926666,1.0881430870393058,0.045828661816361964,0.031764696253687844
0.2935472065131899,0.07183003900401475,9.676919265899642e-10,0.03513408904533111,0.004683309243468825,0.09049377027364103,1.0881430834518004,0.045828661816361964,0.03513409054812648
0.3040310353172324,0.07680950545099896,1.899691515205859e-10,0.038503478811525715,0.005474778307786421,0.09588474638974098,1.088143084203436,0.045828661816361964,0.03850348050342409
0.3145148641212749,0.08178897407779062,1.601571764098253e-9,0.04187287249495775,0.0062662495517973316,0.10127572454272005,1.0881430827806051,0.045828661816361964,0.041872872633188285
0.3249986929253174,0.08676843850241389,-1.2077112643282817e-9,0.045242260418292934,0.007057716603797726,0.10666669851389465,1.088143085549223,0.045828661816361964,0.04524226057150377
0.3354825217293599,0.09174790641395347,-4.717735091475106e-10,0.048611651853886384,0.007849187173627259,0.11205767603106542,1.088143084789497,0.045828661816361964,0.04861165203816284
0.34596635053340236,0.09672737295032552,-1.0817093887283136e-9,0.05198104192184272,0.008640656382329581,0.11744865217878497,1.0881430854004683,0.045828661816361964,0.0519810421341248
0.3564501793374449,0.10170684106889682,-2.142719335296306e-10,0.05535043357854841,0.00943212717258457,0.12283962990820929,1.0881430844297217,0.045828661816361964,0.05535043381180464
0.36693400814148736,0.10668630851015815,6.124212248437289e-11,0.05871982455255864,0.010223597272287721,0.12823060695078725,1.0881430841429978,0.045828661816361964,0.058719824805461854
0.3774178369455299,0.11166577581653492,1.5324830293650393e-10,0.06208921537255341,0.011015067222284403,0.133621583709558,1.0881430840135984,0.045828661816361964,0.062089215641794496
0.38790166574957236,0.1166452433831644,4.2188808002663336e-10,0.0654586064268623,0.011806537404751793,0.13901256067800527,1.0881430836489097,0.045828661816361964,0.06545860671341645
0.3983854945536149,0.12162471098465621,7.339023611052653e-9,0.06882799748807766,0.012598007588549898,0.14440353770003012,1.0881430832792864,0.045828661816361964,0.06882799778997292
0.40886932335765735,0.12660417845513194,7.2218877544827365e-9,0.07219738839143619,0.013389477618871659,0.1497945146014843,1.0881430830662515,0.045828661816361964,0.07219738870994108
0.4193531521616998,0.13158364580637683,6.7355341304420335e-9,0.07556677916103727,0.014180947509350394,0.1551854913952193,1.0881430829899692,0.045828661816361964,0.07556677949315663
0.42983698096574235,0.13656311293302315,1.1804164312678722e-9,0.07893616983240115,0.014972417301890584,0.16057646803812853,1.088143083010655,0.045828661816361964,0.07893617017940399
0.4403208097697848,0.14154257928696712,5.035255545848827e-9,0.08230555966077358,0.015763886251101367,0.16596744382239637,1.0881430838774335,0.045828661816361964,0.0823055600195588
0.45080463857382735,0.1465220473134079,4.851984813925014e-9,0.08567495113475565,0.016555356838488855,0.17135842124373046,1.0881430831001069,0.045828661816361964,0.08567495150381871
0.4612884673778698,0.15150151493774322,6.274158304009347e-9,0.08904434223844193,0.017346827053698055,0.1767493982991304,1.0881430826982585,0.045828661816361964,0.08904434261260027
0.47177229618191235,0.15648098209374117,6.342610880949451e-9,0.09241373295016864,0.018138296869163906,0.18214037498778302,1.0881430826939678,0.045828661816361964,0.09241373332382433
0.4822561249859548,0.16146044928987302,6.44235220725875e-9,0.09578312367112929,0.018929766708777773,0.18753135171986646,1.0881430826826606,0.045828661816361964,0.09578312404206474
0.49273995378999735,0.16643991421423943,4.166664790972163e-9,0.09915251210238263,0.019721234311527835,0.19292232622849115,1.0881430849642737,0.045828661816361964,0.09915251246738485
0.5032237825940398,0.17141938232449427,2.5685076288084474e-10,0.10252190372406722,0.020512705018358224,0.1983133039914644,1.0881430840598993,0.045828661816361964,0.10252190407869244
0.5137076113980823,0.17639885032678349,6.032063293304191e-9,0.10589129524661223,0.02130417564965925,0.20370428168447519,1.088143083257208,0.045828661816361964,0.10589129558831692
0.5241914402021248,0.18137831773422985,6.395084906074544e-9,0.10926068616930928,0.02209564555823973,0.2090952588122883,1.088143083044557,0.045828661816361964,0.10926068650790119
0.5346752690061674,0.18635778510202794,6.240338024099401e-9,0.11263007710051753,0.02288711554668632,0.2144862359542754,1.0881430828575827,0.045828661816361964,0.11263007740180889
0.5451590978102098,0.19133725237864407,6.572435928831055e-9,0.11599946793090687,0.023678585440568334,0.2198772130608717,1.0881430827589407,0.045828661816361964,0.11599946820738408
0.5556429266142523,0.1963167196592308,6.9283643266970785e-9,0.11936885877238534,0.024470055332721286,0.2252681900624589,1.0881430826592748,0.045828661816361964,0.11936885901398317
0.5661267554182948,0.20129618688331896,6.850329858920645e-9,0.12273824955566104,0.025261525162785015,0.23065916691206478,1.0881430826147418,0.045828661816361964,0.12273824976544948
0.5766105842223374,0.2062756541807711,4.5207806387281835e-9,0.12610764040242772,0.026052995054571593,0.23605014378454614,1.0881430824989873,0.045828661816361964,0.12610764058813723
0.5870944130263798,0.21125512130583934,7.075283470214799e-9,0.1294770284860549,0.026844464782685762,0.2414411204749245,1.088143082547397,0.045828661816361964,0.12947703124666074
0.5975782418304223,0.21623458861694456,6.889702364176742e-9,0.13284642067104646,0.02763593468335568,0.24683209734517275,1.088143082418896,0.045828661816361964,0.13284642208209496
0.6080620706344648,0.22121405570868502,7.017063374803456e-9,0.1362158116849852,0.02842740449071912,0.25222307410680767,1.0881430823998737,0.045828661816361964,0.13621581280805056
0.6185458994385072,0.22619352296779116,7.105185995115448e-9,0.13958520277147146,0.029218874239081094,0.2576140508203695,1.0881430824299374,0.045828661816361964,0.13958520348492007
0.6290297282425498,0.2311729902293458,7.196906626205646e-9,0.1429545936781993,0.03001034409570069,0.2630050276473368,1.0881430823569043,0.045828661816361964,0.14295459426488644
0.6395135570465923,0.2361524552998835,7.336448781813942e-9,0.1463239844542512,0.03080181384385594,0.2683960065389981,1.088143082389254,0.045828661816361964,0.14632398493947002
0.6499973858506348,0.24113192454888188,5.588839835368731e-9,0.1496933751594387,0.03159328408117146,0.27378698084759234,1.0881430824161056,0.045828661816361964,0.14969337561955165
0.6604812146546772,0.24611139176295693,7.460095652334076e-9,0.15306276594377444,0.03238475392041962,0.27917795753013186,1.0881430823911475,0.045828661816361964,0.1530627663514429
0.6709650434587198,0.25109085891979466,9.10798458875206e-9,0.15643215665007104,0.0331762237067883,0.2845689341817048,1.0881430824288425,0.045828661816361964,0.1564321570206812
0.6814488722627623,0.2560703261929247,6.978921884837064e-9,0.15980154743354547,0.033967693603823124,0.2899599110180995,1.0881430823469467,0.045828661816361964,0.15980154780951028
0.6919327010668047,0.261049793413882,7.633154996966596e-9,0.16317093813220862,0.034759163457708686,0.2953508878135078,1.0881430823208853,0.045828661816361964,0.16317093854250486
0.7024165298708472,0.2660292605842107,7.030066750957076e-9,0.1665403287423668,0.035550633452496205,0.30074186456493,1.0881430823451743,0.045828661816361964,0.1665403292251491
0.7129003586748898,0.27100872775021134,7.510696953261231e-9,0.16990971935224208,0.036342103028506045,0.30613284133220287,1.0881430823672353,0.045828661816361964,0.16990971991002132
0.7233841874789323,0.2759881949325145,5.573708161676905e-9,0.17327910997103935,0.037133572852793284,0.31152381809741536,1.088143082364119,0.045828661816361964,0.17327911062007098
0.7338680162829747,0.28096766208903,5.831809257728082e-9,0.17664850049618996,0.037925042649219476,0.3169147948572679,1.0881430823844243,0.045828661816361964,0.17664850130669887
0.7443518450870172,0.28594712923222665,7.2879366985745264e-9,0.18001789100792842,0.03871651243826091,0.32230577162037766,1.088143082416448,0.045828661816361964,0.18001789198160842
0.7548356738910598,0.29092659642203333,7.4311763409440346e-9,0.18338728158802886,0.039507982275645004,0.3276967484291251,1.0881430823902953,0.045828661816361964,0.18338728271469432
0.7653195026951022,0.2959060636494588,7.01831148752774e-9,0.18675667226339532,0.04029945217684516,0.3330877253010147,1.0881430823084757,0.045828661816361964,0.18675667350344718
0.7758033314991447,0.300885530627111,7.565625459449166e-9,0.19012606281218658,0.041090921872585895,0.3384787019900004,1.0881430823978437,0.045828661816361964,0.19012606412101238
0.7862871603031872,0.30586499769232733,7.360794196387133e-9,0.19349545342464158,0.041882391624732396,0.3438696786946518,1.0881430824849991,0.045828661816361964,0.19349545474079022
0.7967709891072298,0.3108444650698532,3.503339396360161e-9,0.1968648443485994,0.042673861592312345,0.3492606556174698,1.0881430823303233,0.045828661816361964,0.1968648456023993
0.8072548179112722,0.31582393227559824,7.436086413292742e-9,0.20023423518716887,0.04346533135247266,0.3546516323413833,1.0881430823842067,0.045828661816361964,0.20023423625544917
0.8177386467153147,0.3208033993911483,7.449881156418314e-9,0.2036036261262324,0.04425680119500619,0.360042609188173,1.088143082355858,0.045828661816361964,0.2036036269907311
0.8282224755193572,0.32578286653978905,7.365434484540856e-9,0.20697301691472525,0.04504827093742092,0.3654335854661772,1.0881430824283498,0.045828661816361964,0.20697301762517256
0.8387063043233997,0.3307323978840093,7.93908250251718e-9,0.21031804209282345,0.045828654407781055,0.37080717024472065,1.0881430824234268,0.045828661816361964,0.21034240833702872
0.8491901331274422,0.333574645113661,7.654909817134126e-9,0.21194790570236144,0.045828655218628445,0.3749565506563439,1.0881430823567064,0.045828661816361964,0.2137117991106824
0.8596739619314847,0.3364168926262934,7.2592274413807445e-9,0.21357777003709955,0.04582865615578746,0.3791059296648369,1.0881430824775122,0.045828661816361964,0.21708118969680984
0.8701577907355272,0.33925914024804915,6.919879336209078e-9,0.21520763456227643,0.045828654691828286,0.38325530890880644,1.0881430825437568,0.045828661816361964,0.22045058033749854
0.8806416195395697,0.3421013878085353,2.16157447496812e-9,0.216837498614461,0.045828654975040406,0.3874045916911837,1.0881430825240372,0.045828661816361964,0.2238199710641513
0.8911254483436122,0.3449436343513923,6.317932177424268e-9,0.21846736205309059,0.04582865538344927,0.3915540675736069,1.0881430824018903,0.045828661816361964,0.22718936189323152
0.9016092771476547,0.347785883297711,6.707849609099981e-9,0.22009722588705616,0.045828654661868695,0.3957034398371577,1.0881430825434075,0.045828661816361964,0.23055875245864754
0.9120931059516972,0.3506281308511019,2.072739313518923e-9,0.22172708945430597,0.04582865497041122,0.39985281903929026,1.0881430825723781,0.045828661816361964,0.2339281431366102
0.9225769347557397,0.3534703777530346,6.848645428547684e-9,0.22335695381499687,0.04582865534419889,0.4040022054638017,1.0881430821817055,0.045828661816361964,0.237297534234216
0.9330607635597822,0.35631262520105556,7.453574202287427e-9,0.22498681786271324,0.04582865511001333,0.4081515844541943,1.0881430824068987,0.045828661816361964,0.24066692471595608
0.9435445923638247,0.3591548724123348,6.514121686507224e-9,0.22661668220161424,0.04582865472720399,0.4123009636135293,1.0881430824744949,0.045828661816361964,0.2440363153552932
0.9540284211678671,0.3619971199152028,6.2267715428276915e-9,0.22824654654766685,0.04582865488170351,0.4164503428431481,1.088143082501701,0.045828661816361964,0.24740570603502016
0.9645122499719097,0.3648393677044417,6.7370329315252775e-9,0.22987641134607917,0.045828655521149564,0.4205997222704825,1.0881430823220408,0.045828661816361964,0.2507750969216137
0.9749960787759522,0.36768161513952546,6.4298675273022354e-9,0.23150627606023177,0.04582865507360889,0.42474909417274587,1.0881430825986167,0.045828661816361964,0.25414448735197104
0.9854799075799947,0.37052386303248386,6.228593862900311e-9,0.23313614095149982,0.04582865628478583,0.4288984745454134,1.0881430824704055,0.045828661816361964,0.2575138781871155
0.9959637363840371,0.37336611043637435,6.030460353301237e-9,0.23476600523404967,0.045828658312516035,0.4330478551693553,1.0881430825302667,0.045828661816361964,0.26088326883418755
1.0064475651880795,0.376208359275362,5.074632047907812e-9,0.2363958694902084,0.045828654784581646,0.437197233613396,1.088143082460643,0.045828661816361964,0.2642526596107444
1.016931393992122,0.37905060678161706,5.625750532090024e-9,0.2380257330456106,0.045828655498738824,0.44134661193405966,1.0881430824930742,0.045828661816361964,0.2676220502852465
1.0274152227961646,0.38189285383255434,4.182094448523799e-9,0.23965559679393267,0.0458286579295768,0.44549599748260915,1.088143082528879,0.045828661816361964,0.270991440956375
1.0378990516002071,0.3847351020037746,4.288765120818994e-9,0.24128546088359504,0.04582865719892171,0.4496453766995925,1.0881430825268608,0.045828661816361964,0.27436083166532643
1.0483828804042497,0.38757734965091295,5.019127113925492e-9,0.2429153253359393,0.045828655332556645,0.4537947559644784,1.0881430824913803,0.045828661816361964,0.2777302224077402
1.0588667092082922,0.39041959724594544,4.781250728669306e-9,0.24454518998655006,0.04582865558418625,0.4579441352233167,1.0881430824796499,0.045828661816361964,0.28109961312640386
1.0693505380123347,0.39326184476210124,4.5309482832323056e-9,0.2461750546422874,0.04582865548923154,0.46209351441251134,1.088143082535894,0.045828661816361964,0.284469003777093
1.0798343668163772,0.39610409233343535,4.355328764305e-9,0.24780491949808803,0.04582865581579165,0.4662428877646825,1.088143082531711,0.045828661816361964,0.28783839448820914
1.0903181956204195,0.39894633988947215,3.989714114638332e-9,0.2494347840423563,0.04582865622537402,0.47039226771167386,1.088143082548287,0.045828661816361964,0.29120778517856644
1.100802024424462,0.40178858746931057,3.6266867287082505e-9,0.2510646483730026,0.04582865558753868,0.47454164702079327,1.0881430825533058,0.045828661816361964,0.2945771758804808
1.1112858532285046,0.4046308350859542,2.75696176998963e-9,0.25269451274530796,0.0458286537161654,0.47869103135117763,1.0881430825362308,0.045828661816361964,0.2979465666044891
1.1217696820325471,0.40747308264862303,2.6011313103424527e-9,0.25432437687427867,0.045828652272338344,0.4828404105566344,1.0881430825805858,0.045828661816361964,0.3013159572670674
1.1322535108365896,0.41031533024449063,2.8608666546858785e-9,0.25595424105840525,0.04582865482322451,0.4869897898113229,1.0881430825683696,0.045828661816361964,0.3046853479862169
1.1427373396406322,0.41315757785292795,3.379641899670105e-9,0.2575841053093708,0.04582865288942983,0.4911391690482674,1.088143082548985,0.045828661816361964,0.3080547387125346
1.1532211684446747,0.41599982539115876,2.188651260226493e-9,0.2592139695232023,0.04582865342792619,0.49528854823668156,1.0881430825830378,0.045828661816361964,0.3114241293854151
1.163704997248717,0.4188420729897677,2.126911091693273e-9,0.260843833801208,0.045828652828648675,0.4994379274646781,1.088143082567498,0.045828661816361964,0.3147935201078881
1.1741888260527595,0.42168432059478644,1.8122547906784803e-9,0.26247369809075916,0.04582865340493836,0.5035873066237548,1.0881430825616152,0.045828661816361964,0.3181629108207042
1.184672654856802,0.42452656820005585,1.5739798353564538e-9,0.2641035623837309,0.04582865369732603,0.5077366855152337,1.088143082564247,0.045828661816361964,0.32153230152500556
1.1951564836608446,0.4273688146031043,1.5062655567277261e-9,0.2657334266543483,0.045828657365239556,0.5118860640788492,1.0881430825851324,0.045828661816361964,0.32490169221105347
1.2056403124648871,0.43021106312304647,1.0595946342562002e-9,0.2673632909449595,0.045828652060678765,0.5160354427383262,1.0881430825883922,0.045828661816361964,0.3282710829147269
1.2161241412689296,0.4330533109388468,1.1229956964342591e-9,0.2689931552706233,0.04582865413007786,0.5201848222212562,1.0881430825623286,0.045828661816361964,0.33164047364772375
1.2266079700729722,0.43589555592938045,7.868983242786953e-9,0.27062301951983203,0.04582865278573767,0.5243342013711765,1.088143082605116,0.045828661816361964,0.3350098643118697
1.2370917988770145,0.4387378040143537,7.428191839409237e-9,0.27225288386426394,0.045828652470944364,0.5284835822913767,1.0881430825716427,0.045828661816361964,0.3383792550522761
1.247575627681057,0.4415800535881076,7.02413061048901e-9,0.27388274814878666,0.045828655320557354,0.5326329612063931,1.0881430825911729,0.045828661816361964,0.34174864573967917
1.2580594564850995,0.4444222975095018,5.659405832858511e-9,0.27551261246884073,0.045828654494071586,0.5367823392494475,1.088143082577863,0.045828661816361964,0.34511803645992223
1.268543285289142,0.44726454723572684,4.745428272556751e-9,0.27714247677876824,0.04582865223611865,0.5409317199845536,1.088143082586288,0.045828661816361964,0.3484874271584307
1.2790271140931846,0.4501067955180562,3.531092529485136e-9,0.27877234108550963,0.04582865620497878,0.5450810990997301,1.088143082595716,0.045828661816361964,0.3518568178559359
1.2895109428972271,0.4529490431657066,2.561308942716778e-9,0.2804022054249622,0.04582865288896398,0.5492304781150312,1.0881430825803027,0.045828661816361964,0.3552262085782824
1.2999947717012696,0.45579128939000957,2.802315268723987e-9,0.28203206974669426,0.045828653359948346,0.5533798573851194,1.0881430825795535,0.045828661816361964,0.35859559928596485
1.310478600505312,0.4586335371268091,2.2501849272771324e-9,0.283661934077001,0.045828654444035166,0.5575292363735032,1.088143082567649,0.045828661816361964,0.3619649900048025
1.3209624293093545,0.4614757871639783,3.949033322570017e-9,0.2852918004853884,0.04582865553070503,0.561678617407763,1.088143080457069,0.045828661816361964,0.3653343828223157
1.331446258113397,0.464318035267431,3.421584349183604e-9,0.28692166496332194,0.04582865651802326,0.5658279964817898,1.0881430802717307,0.045828661816361964,0.36870377371458735
1.3419300869174395,0.46716028059654646,7.426423920264824e-10,0.28855152699489484,0.04582865337129305,0.5699773731069648,1.0881430825331808,0.045828661816361964,0.37207316216007047
1.352413915721482,0.4700025299944215,7.810251778650468e-9,0.29018139310972435,0.045828654550820414,0.5741267538167987,1.0881430807197472,0.045828661816361964,0.37544255468043736
1.3628977445255246,0.47284477774998157,4.5664048098359444e-9,0.2918112575302887,0.04582865972826555,0.5782761327473547,1.0881430806070729,0.045828661816361964,0.37881194550004493
1.3733815733295671,0.475687025374242,4.318741808617688e-9,0.2934411218357742,0.04582865738098785,0.5824255120041866,1.088143080609763,0.045828661816361964,0.38218133620428807
1.3838654021336094,0.47852927295524195,2.905736762315314e-9,0.2950709860435581,0.0458286559066603,0.5865748913833251,1.0881430807092423,0.045828661816361964,0.38555072681174196
1.394349230937652,0.48137152056146304,2.3971535867417515e-9,0.29670085026835347,0.04582865620750587,0.5907242708081715,1.08814308079286,0.045828661816361964,0.38892011743505744
1.4048330597416945,0.4842137680927838,1.943633032297498e-9,0.29833071440828784,0.045828656617853625,0.5948736501555647,1.088143080961213,0.045828661816361964,0.3922895079736378
1.415316888545737,0.4870560157514334,6.6364611583935584e-9,0.2999605786894177,0.04582865493090105,0.5990230296153554,1.088143081010737,0.045828661816361964,0.39565889863104686
1.4258007173497795,0.48989826338042275,4.3205043986915825e-9,0.3015904429400562,0.04582865324319774,0.6031724090339259,1.0881430810882284,0.045828661816361964,0.3990282892604888
1.436284546153822,0.49274051104553185,3.27464433347302e-9,0.30322030724619564,0.04582865525908009,0.6073217884851778,1.088143081110851,0.045828661816361964,0.40239767994479947
1.4467683749578646,0.49558275852001343,2.572137169920552e-9,0.30485017147859295,0.04582865487016097,0.6114711678322002,1.0881430812081916,0.045828661816361964,0.40576707055439215
1.457252203761907,0.4984250059781723,1.9302086595729406e-9,0.30648003580394945,0.045828658340226536,0.615620547236255,1.0881430812142137,0.045828661816361964,0.4091364612553033
1.4677360325659494,0.5012672533729068,1.6064041208352364e-9,0.30810990005142025,0.04582865580368156,0.6197699259996894,1.0881430812953878,0.045828661816361964,0.4125058518810623
1.478219861369992,0.5041095008777781,7.572860560856043e-9,0.3097397643889037,0.04582865477171638,0.6239193055312617,1.0881430812804391,0.045828661816361964,0.4158752426029443
1.4887036901740345,0.506951748341681,5.250787138422197e-9,0.3113696286423415,0.045828653068067826,0.6280686849207089,1.0881430813249153,0.045828661816361964,0.41924463326540135
1.499187518978077,0.5097939957856559,3.201491072246654e-9,0.31299949285245887,0.045828659407378014,0.6322180641592956,1.0881430814061974,0.045828661816361964,0.4226140238910525
1.5096713477821195,0.5126362432453215,2.32374941511182e-9,0.3146293571068324,0.04582865499354649,0.636367442983633,1.088143081431474,0.045828661816361964,0.4259834145727091
1.520155176586162,0.5154784907250767,1.997471077430646e-9,0.31625922134818585,0.045828653218104254,0.6405168179470073,1.0881430814423132,0.045828661816361964,0.42935280526880326
1.5306390053902044,0.5183207381627295,2.1846755515753102e-9,0.31788908559885276,0.04582865336821573,0.6446661980610302,1.088143081460625,0.045828661816361964,0.4327221959574246
1.541122834194247,0.5211629856268498,1.5454590940322532e-9,0.3195189499166493,0.045828654573286665,0.648815578678841,1.0881430814596955,0.045828661816361964,0.43609158666528736
1.5516066629982894,0.5240052330903864,1.3984446933790196e-9,0.3211488142094141,0.04582865277833248,0.65296495570993,1.0881430814671038,0.045828661816361964,0.4394609773648123
1.562090491802332,0.5268474808589902,1.4352359301028628e-9,0.3227786773235086,0.04582865509841283,0.6571143351222093,1.0881430814680195,0.045828661816361964,0.44283036807082987
1.5725743206063745,0.5284894642438447,1.4255931990447834e-9,0.323720261219302,0.045828655121135764,0.6595114520953769,1.0881430814813209,0.045828661816361964,0.4461997587644617
1.583058149410417,0.528489463524858,1.3232033246879382e-9,0.32372026074072036,0.045828653223639604,0.6595114593609246,1.088143081487785,0.045828661816361964,0.4495691494649309
1.5935419782144595,0.5284894638125182,1.3451033620270891e-9,0.32372026090354544,0.045828656042235405,0.6595114573515457,1.0881430814796367,0.045828661816361964,0.45293854018001245
1.6040258070185018,0.5284894634468027,6.426215115595824e-11,0.32372025979631536,0.04582865287606386,0.6595114581621397,1.088143082584938,0.045828661816361964,0.45630792978164425
1.6145096358225444,0.5284894638306072,3.5801852593664307e-9,0.323720259865385,0.04582865233123656,0.6595114562321314,1.0881430825976375,0.045828661816361964,0.45967732047587806
1.624993464626587,0.5284894636156294,2.4777571105971674e-9,0.3237202599591882,0.0458286543174824,0.6595114564814293,1.088143082602647,0.045828661816361964,0.46304671117780183
1.6354772934306294,0.5284894636017197,1.4086534161350528e-9,0.3237202601761753,0.04582865400154312,0.6595114571056169,1.0881430824288179,0.045828661816361964,0.4664161020585642
1.645961122234672,0.5284894633883779,1.1985843428874432e-9,0.3237202600890925,0.0458286548207445,0.6595114574640195,1.088143082532826,0.045828661816361964,0.4697854926614894
1.6564449510387145,0.5284894632352575,5.550022663669552e-10,0.3237202600367102,0.04582865513485124,0.6595114577769063,1.0881430826283593,0.045828661816361964,0.47315488327288924
1.666928779842757,0.528489463226103,2.9328339756773403e-10,0.32372026008842036,0.04582865301370043,0.6595114581125492,1.088143082600166,0.045828661816361964,0.476524274008016
1.6774126086467993,0.5284894631861528,2.147155786502708e-10,0.3237202600613227,0.04582866462227697,0.6595114581431272,1.0881430826240703,0.045828661816361964,0.47989366469104466
1.6878964374508418,0.528489463315627,3.001878745578779e-10,0.32372026019253,0.04582865160645744,0.6595114581958372,1.088143082491366,0.045828661816361964,0.4832630555306823
1.6983802662548844,0.5284894631636143,-2.4457547098677423e-11,0.323720260031936,0.045828653782871154,0.6595114577291259,1.0881430826503549,0.045828661816361964,0.48663244607862666
1.708864095058927,0.5284894631748278,-4.34583480313222e-11,0.3237202600312248,0.04582864970039724,0.6595114570743781,1.0881430826511056,0.045828661816361964,0.49000183678480924
1.7193479238629694,0.5284894631413948,-5.869793540114188e-11,0.3237202599774218,0.045828650755555866,0.6595114560973423,1.0881430827062373,0.045828661816361964,0.49337122743661077
1.729831752667012,0.5284894630862849,-2.933808751492961e-10,0.3237202598989961,0.04582865529511482,0.659511454964852,1.0881430827868674,0.045828661816361964,0.4967406180629138
1.7403155814710545,0.5284894630277217,-2.376410179749655e-10,0.3237202598137092,0.04582864767443806,0.6595114540548921,1.088143082874173,0.045828661816361964,0.5001100086825416
1.750799410275097,0.5284894630028412,-3.7670977448556187e-10,0.3237202597473705,0.045828651458161174,0.659511454448529,1.0881430829424978,0.045828661816361964,0.5034793993211499
1.7612832390791393,0.5284894629601029,-3.418252347842099e-10,0.3237202596698181,0.04582865323765151,0.6595114551941856,1.0881430830179681,0.045828661816361964,0.5068487899526128
1.7717670678831818,0.5284894629529255,-4.490912086652088e-10,0.3237202596153006,0.04582865255582247,0.6595114566278506,1.0881430830693866,0.045828661816361964,0.5102181806081276
1.7822508966872244,0.5284894629338259,-4.989701984925432e-10,0.3237202595586841,0.04582864773596307,0.6595114569024365,1.0881430831208148,0.045828661816361964,0.5135875712636327
1.792734725491267,0.528489462972286,-5.115254886334242e-10,0.323720259536213,0.04582865310456952,0.6595114561621258,1.0881430831371486,0.045828661816361964,0.5169569619542321
1.8032185542953094,0.5284894629973127,-6.388736206730528e-10,0.3237202595149007,0.04582865809292325,0.6595114559470798,1.088143083152427,0.045828661816361964,0.520326352645887
1.813702383099352,0.5284894630936177,-7.134752788573451e-10,0.32372025955207895,0.045828651217025174,0.6595114561126325,1.0881430831078067,0.045828661816361964,0.5236957433974405
1.8241862119033945,0.5284894631644212,-7.143694524813782e-10,0.3237202595740838,0.04582865629903199,0.6595114564848172,1.0881430830775691,0.045828661816361964,0.5270651341346114
1.8346700407074368,0.5284894630958579,-9.151623903136397e-10,0.32372025949424765,0.045828653783787976,0.659511456834438,1.0881430831928114,0.045828661816361964,0.5304345247263023
1.8451538695114793,0.5284894629912187,-1.1629321949868654e-9,0.3237202593126256,0.04582865285709281,0.6595114570605651,1.0881430833275307,0.045828661816361964,0.5338039152985162
1.8556376983155218,0.5284894629032268,-1.383812175959065e-9,0.3237202591631856,0.04582865358046928,0.6595114571149878,1.0881430834723649,0.045828661816361964,0.5371733058606153
1.8661215271195644,0.5284894627830319,-1.5443002432391495e-9,0.3237202590009456,0.04582864978077983,0.6595114570923246,1.0881430836364487,0.045828661816361964,0.5405426964034648
1.8766053559236069,0.5284894626488863,-1.7044414768463412e-9,0.3237202588378658,0.045828653297768085,0.6595114570333309,1.0881430838030193,0.045828661816361964,0.5439120869438274
1.8870891847276494,0.5284894624925154,-1.8474075602625817e-9,0.3237202586645964,0.04582865155241311,0.6595114569445049,1.08814308398328,0.045828661816361964,0.5472814774705
1.897573013531692,0.5284894623495766,-1.9951205132429095e-9,0.32372025849086317,0.04582865125979563,0.659511456838813,1.0881430841637914,0.045828661816361964,0.5506508679969219
1.9080568423357342,0.5284894621212153,-2.223733863715438e-9,0.32372025823199757,0.04582865588089491,0.6595114566332723,1.0881430844213695,0.045828661816361964,0.5540202584462769
1.9185406711397768,0.528489461611628,-2.7576119165928503e-9,0.3237202577051328,0.0458286516157802,0.6595114561470785,1.0881430849499878,0.045828661816361964,0.5573896486245918
1.9290244999438193,0.5284894610782023,-3.2421687556905e-9,0.32372025718376785,0.04582865442575268,0.6595114556592077,1.0881430854768792,0.045828661816361964,0.5607590388046337
1.9395083287478618,0.5284894603981172,-3.8961331938480726e-9,0.32372025652825465,0.045828655833708654,0.659511455031369,1.0881430861375807,0.045828661816361964,0.5641284288508654
1.9499921575519044,0.5284894596755589,-4.631437011681783e-9,0.3237202558026262,0.04582864994475533,0.6595114543168159,1.0881430868664237,0.045828661816361964,0.5674978188289557
1.9604759863559469,0.5284894588721261,-5.491822552272652e-9,0.32372025496584,0.0458286478599812,0.6595114534507416,1.0881430877036977,0.045828661816361964,0.570867208698615
1.9709598151599894,0.5284894580670807,-6.3214700141145386e-9,0.3237202541264439,0.045828647748661355,0.6595114525737114,1.0881430885409138,0.045828661816361964,0.5742365985683321
1.9814436439640317,0.5284894635299193,-8.57749204996594e-10,0.32372025958195216,0.04582863874280774,0.6595114579843631,1.0881430830834324,0.045828661816361964,0.5776059947327467
1.9919274727680742,0.5284894634837176,-9.477556517367702e-10,0.32372025952818606,0.04582865396981206,0.6595114578880277,1.0881430831315357,0.045828661816361964,0.5809753853915767
2.002411301572117,0.528489463413055,-1.05878084077915e-9,0.32372025947023797,0.04582865291215765,0.659511457773361,1.088143083191588,0.045828661816361964,0.5843447760384578
2.012895130376159,0.5284894634752808,-1.0411047579594879e-9,0.3237202595083599,0.04582865181466933,0.6595114577621517,1.0881430831388625,0.045828661816361964,0.5877141667981163
2.0233789591802016,0.5284894634216486,-1.151832185186663e-9,0.323720259446892,0.04582865459663488,0.6595114576365633,1.0881430831945664,0.045828661816361964,0.5910835574493456
2.033862787984244,0.5284894605950183,-1.2138956506646537e-9,0.32372025941238625,0.04582865228207056,0.6595114575213807,1.0881430832224344,0.045828661816361964,0.594452948128411
2.0443466167882867,0.5284894608793653,-1.3254946029661596e-9,0.32372025943235605,0.04582865097349731,0.6595114574496621,1.0881430831979897,0.045828661816361964,0.5978223388597889
2.054830445592329,0.5284894611330877,-1.4445962204234775e-9,0.32372025943112614,0.04582865105354572,0.659511457322729,1.088143083190099,0.045828661816361964,0.6011917295746129
2.0653142743963717,0.5284894613624265,-1.5399888031453202e-9,0.3237202594250459,0.0458286508926089,0.6595114571614038,1.0881430831913887,0.045828661816361964,0.6045611202802563
2.0757981032004142,0.5284894615911968,-1.6774128752672368e-9,0.32372025943485205,0.04582865932146407,0.6595114571142779,1.0881430831760395,0.045828661816361964,0.6079305110025388
2.0862819320044568,0.5284894616217748,-1.976423469329802e-9,0.32372025928818804,0.04582865156598781,0.6595114569112059,1.0881430833416397,0.045828661816361964,0.6112999015438719
