gamma,xi_1,xi_2
0.0,1.1519464646903528,1.2962435597400221
0.010483828804042496,1.1510572941409176,1.2857952282039204
0.020967657608084993,1.1501700245282784,1.2753549628549956
0.031451486412127486,1.154142432853628,1.2664807662713817
0.041935315216169985,1.1609916028653777,1.2585508591641033
0.05241914402021248,1.1562780811238886,1.2511708474607848
0.06290297282425497,1.1486787378725942,1.2439515974631898
0.07338680162829747,1.1410837617642182,1.236721417714646
0.08387063043233997,1.1334951590043865,1.229500707137053
0.09435445923638247,1.1258973661675686,1.222279326408894
0.10483828804042496,1.1183194498089555,1.2150274453380219
0.11532211684446746,1.1107182984866648,1.2078193572410851
0.12580594564850994,1.103136954945237,1.2005853105679873
0.13628977445255244,1.0955419040544554,1.1933594033964148
0.14677360325659494,1.0879480866859894,1.1861324435092213
0.15725743206063744,1.0803526447658265,1.1788939950894286
0.16774126086467994,1.0727787083301512,1.1716565758799966
0.17822508966872244,1.0651723165099762,1.1644272157869833
0.18870891847276494,1.0575861090454566,1.1571913690782938
0.19919274727680744,1.0499902433505064,1.1499589508399828
0.2096765760808499,1.0424064027565927,1.1427190754076526
0.2201604048848924,1.034818996778457,1.1355055670831007
0.2306442336889349,1.0322493210373689,1.127320433570681
0.2411280624929774,1.0307053365481091,1.1189868320558967
0.2516118912970199,1.0291556259637387,1.1106222122637197
0.2620957201010624,1.027613718271146,1.1022997280847096
0.2725795489051049,1.0260656168114881,1.0939438534418955
0.2830633777091474,1.0245383440470106,1.0857003329308001
0.2935472065131899,1.0245346809615907,1.0856805870730823
0.3040310353172324,1.0245346824546977,1.0856805902854163
0.3145148641212749,1.024534673759145,1.0856805504383626
0.3249986929253174,1.0245346832471258,1.0856805800813736
0.3354825217293599,1.0245346791296939,1.0856805701676246
0.34596635053340236,1.0245346794224357,1.0856805714861133
0.3564501793374449,1.0245346768459258,1.0856805609994156
0.36693400814148736,1.024534675685978,1.0856805572180344
0.3774178369455299,1.0245346756232485,1.0856805569510315
0.38790166574957236,1.0245346747748834,1.085680553856688
0.3983854945536149,1.0245346740768067,1.0856805515260044
0.40886932335765735,1.0245346737596348,1.085680550379294
0.4193531521616998,1.0245346736382366,1.0856805499053546
0.42983698096574235,1.024534673685196,1.0856805499858069
0.4403208097697848,1.0245346745878932,1.0856805522762156
0.45080463857382735,1.0245346736510097,1.0856805495637898
0.4612884673778698,1.0245346732787861,1.085680548437647
0.47177229618191235,1.0245346731999383,1.0856805484740628
0.4822561249859548,1.0245346731293374,1.085680548388566
0.49273995378999735,1.024534677028299,1.0856805556597713
0.5032237825940398,1.0245346759423917,1.0856805530202116
0.5137076113980823,1.0245346750733886,1.0856805510111813
0.5241914402021248,1.0245346747516721,1.0856805502277886
0.5346752690061674,1.024534674425133,1.0856805496203832
0.5451590978102098,1.0245346743106016,1.0856805494223074
0.5556429266142523,1.0245346741186592,1.0856805490892558
0.5661267554182948,1.0245346737125434,1.0856805488376675
0.5766105842223374,1.0245346738844403,1.0856805487895167
0.5870944130263798,1.0245346735874943,1.0856805485118566
0.5975782418304223,1.0245346735319716,1.0856805485871872
0.6080620706344648,1.024534673430344,1.0856805486167382
0.6185458994385072,1.0245346732432643,1.0856805484122871
0.6290297282425498,1.0245346732391771,1.0856805483619147
0.6395135570465923,1.0245346733039151,1.0856805484556562
0.6499973858506348,1.0245346733125935,1.0856805485187333
0.6604812146546772,1.02453467333156,1.0856805485496384
0.6709650434587198,1.024534673236411,1.0856805483851981
0.6814488722627623,1.0245346733320229,1.08568054850359
0.6919327010668047,1.024534673346369,1.085680548528734
0.7024165298708472,1.0245346731587623,1.08568054832844
0.7129003586748898,1.024534673209187,1.0856805483803262
0.7233841874789323,1.0245346731979075,1.0856805483141032
0.7338680162829747,1.0245346731803229,1.0856805481914356
0.7443518450870172,1.024534673189036,1.0856805483623477
0.7548356738910598,1.0245346732609457,1.085680548414442
0.7653195026951022,1.0245346731609657,1.0856805483069214
0.7758033314991447,1.0245346732786262,1.0856805483713836
0.7862871603031872,1.0245346731486846,1.0856805482087244
0.7967709891072298,1.024534673194622,1.0856805482941445
0.8072548179112722,1.0245346733122895,1.0856805483463117
0.8177386467153147,1.024534673307153,1.0856805484251568
0.8282224755193572,1.0245346732109222,1.0856805483358294
0.8387063043233997,1.0245346731274287,1.0856805482796574
0.8491901331274422,1.0245346734294947,1.0856805483249743
0.8596739619314847,1.0245346731158842,1.0856805483658696
0.8701577907355272,1.0245346731040734,1.0856805482791347
0.8806416195395697,1.024534673137298,1.0856805482752225
0.8911254483436122,1.0245346730961178,1.085680548254963
0.9016092771476547,1.0245346731544576,1.0856805482130265
0.9120931059516972,1.0245346730996086,1.0856805483458625
0.9225769347557397,1.024534673100332,1.0856805481365306
0.9330607635597822,1.0245346728920495,1.0856805481846898
0.9435445923638247,1.0245346730815739,1.0856805483165364
0.9540284211678671,1.0245346730285618,1.0856805483195664
0.9645122499719097,1.0245346730731248,1.085680548205596
0.9749960787759522,1.024534673045188,1.085680548503499
0.9854799075799947,1.0245346729678066,1.085680548313912
0.9959637363840371,1.02453467303849,1.0856805483654455
1.0064475651880795,1.0245346729526028,1.0856805483671623
1.016931393992122,1.0245346730105391,1.0856805483225918
1.0274152227961646,1.0245346729027227,1.0856805483530576
1.0378990516002071,1.0245346729919533,1.0856805483364969
1.0483828804042497,1.0245346729645375,1.0856805483344614
1.0588667092082922,1.0245346729717943,1.0856805482966512
1.0693505380123347,1.0245346729461309,1.0856805483163758
1.0798343668163772,1.0245346729686804,1.0856805483294156
1.0903181956204195,1.0245346728946656,1.085680548271517
1.100802024424462,1.0245346729439417,1.0856805483368686
1.1112858532285046,1.0245346729596738,1.085680548308544
1.1217696820325471,1.0245346729613114,1.0856805483038698
1.1322535108365896,1.0245346729335438,1.0856805482828247
1.1427373396406322,1.024534672924167,1.0856805483349719
1.1532211684446747,1.0245346729489266,1.0856805482844616
1.163704997248717,1.0245346729402856,1.085680548272713
1.1741888260527595,1.0245346729523672,1.0856805482911644
1.184672654856802,1.024534673018567,1.085680548344652
1.1951564836608446,1.0245346729313045,1.0856805482315692
1.2056403124648871,1.0245346729477742,1.085680548249104
1.2161241412689296,1.024534672944484,1.0856805482392058
1.2266079700729722,1.0245346729253497,1.0856805482095366
1.2370917988770145,1.024534672954275,1.0856805482926464
1.247575627681057,1.0245346729560207,1.0856805482018856
1.2580594564850995,1.0245346729768614,1.0856805482474612
1.268543285289142,1.024534672955581,1.0856805481988017
1.2790271140931846,1.0245346729577542,1.0856805482011542
1.2895109428972271,1.0245346729643778,1.0856805481896405
1.2999947717012696,1.0245346729474758,1.0856805481888623
1.310478600505312,1.0245346729377125,1.085680548191866
1.3209624293093545,1.0245346728101854,1.0856805477919176
1.331446258113397,1.0245346727611602,1.0856805475651161
1.3419300869174395,1.0245346729361258,1.0856805481657645
1.352413915721482,1.0245346727857403,1.0856805474188682
1.3628977445255246,1.0245346727631277,1.085680547092547
1.3733815733295671,1.0245346727571594,1.085680546950006
1.3838654021336094,1.0245346727537497,1.0856805468899604
1.394349230937652,1.024534672783786,1.0856805469289337
1.4048330597416945,1.0245346727783935,1.0856805469450574
1.415316888545737,1.0245346727980857,1.085680546979962
1.4258007173497795,1.0245346727970552,1.0856805469515112
1.436284546153822,1.0245346728504428,1.0856805470371698
1.4467683749578646,1.0245346728136946,1.0856805469508999
1.457252203761907,1.0245346728369662,1.0856805470274515
1.4677360325659494,1.0245346728267022,1.0856805470908337
1.478219861369992,1.0245346728461489,1.0856805470652562
1.4887036901740345,1.0245346728408111,1.0856805470740991
1.499187518978077,1.0245346728160307,1.0856805470277269
1.5096713477821195,1.0245346728392766,1.085680547091594
1.520155176586162,1.02453467286175,1.0856805471739408
1.5306390053902044,1.0245346728248566,1.085680546963739
1.541122834194247,1.0245346728369344,1.085680546971369
1.5516066629982894,1.024534672820936,1.0856805468302928
1.562090491802332,1.0245346728048623,1.0856805467222512
1.5725743206063745,1.024534672809879,1.085680546653215
1.583058149410417,1.0245346727768792,1.0856805464675154
1.5935419782144595,1.024534672744187,1.0856805462982628
1.6040258070185018,1.0245346729307412,1.0856805481788512
1.6145096358225444,1.0245346729110765,1.0856805480617682
1.624993464626587,1.024534672963784,1.0856805481974963
1.6354772934306294,1.0245346731058955,1.085680546492881
1.645961122234672,1.0245346729478257,1.0856805482059857
1.6564449510387145,1.024534673003703,1.0856805481580036
1.666928779842757,1.0245346729870486,1.0856805482109482
1.6774126086467993,1.024534672965796,1.0856805481234695
1.6878964374508418,1.0245346729149036,1.085680548138551
1.6983802662548844,1.0245346730407452,1.085680548121775
1.708864095058927,1.0245346729461366,1.085680548083947
1.7193479238629694,1.024534672924238,1.085680548052948
1.729831752667012,1.024534672923733,1.0856805480257063
1.7403155814710545,1.0245346729069427,1.0856805479992628
1.750799410275097,1.0245346728887719,1.0856805479819704
1.7612832390791393,1.0245346728881841,1.0856805479687477
1.7717670678831818,1.024534672875742,1.0856805479514269
1.7822508966872244,1.0245346728723603,1.0856805479513725
1.792734725491267,1.0245346728641422,1.0856805479492464
1.8032185542953094,1.0245346728675744,1.0856805479530944
1.813702383099352,1.0245346728661393,1.085680547973276
1.8241862119033945,1.0245346728809097,1.085680547988057
1.8346700407074368,1.0245346728858309,1.0856805479825045
1.8451538695114793,1.024534672888569,1.0856805479728535
1.8556376983155218,1.024534672898851,1.0856805479577976
1.8661215271195644,1.0245346729083658,1.085680547947192
1.8766053559236069,1.0245346729164095,1.0856805479280107
1.8870891847276494,1.0245346729240563,1.085680547907263
1.897573013531692,1.0245346729208276,1.0856805478808202
1.9080568423357342,1.024534672899878,1.0856805478296434
1.9185406711397768,1.0245346728921958,1.085680547743177
1.9290244999438193,1.0245346728527562,1.0856805476453415
1.9395083287478618,1.024534672799934,1.0856805475126179
1.9499921575519044,1.0245346727405038,1.0856805473544737
1.9604759863559469,1.0245346726493232,1.0856805471525788
1.9709598151599894,1.0245346725623636,1.0856805469559487
1.9814436439640317,1.024534672923489,1.0856805480705427
1.9919274727680742,1.024534672902969,1.085680548080148
2.002411301572117,1.0245346728618554,1.0856805480340463
2.012895130376159,1.0245346728610538,1.0856805480944902
2.0233789591802016,1.0245346728841656,1.0856805480668907
2.033862787984244,1.0245346728230063,1.0856805480792358
2.0443466167882867,1.0245346729002978,1.0856805480233296
2.054830445592329,1.0245346729144307,1.0856805480769975
2.0653142743963717,1.0245346728679359,1.0856805480955989
2.0757981032004142,1.0245346729326081,1.0856805481077263
2.0862819320044568,1.0245346727926097,1.0856805479781015
